run_ts_utc,post_id,permalink,title,subreddit,author,created_utc,score,upvote_ratio,num_comments,over_18,spoiler,is_self
2025-09-15T18:17:11.288408+00:00,1netgdd,https://www.reddit.com/r/learnmachinelearning/comments/1netgdd/is_environment_setup_still_one_of_the_biggest/,Is environment setup still one of the biggest pains in reproducing ML research?,learnmachinelearning,Awkward-Plane-2020,2025-09-12T04:04:45+00:00,34,0.9,25,False,False,True
2025-09-15T18:17:11.288408+00:00,1n7wvmy,https://www.reddit.com/r/learnmachinelearning/comments/1n7wvmy/1_of_100_github_csaiml_projects_my_reproducible/,#1 of 100 GitHub CS/AI/ML Projects — My Reproducible Learning Log,learnmachinelearning,Awkward-Plane-2020,2025-09-04T01:19:34+00:00,2,1.0,0,False,False,True
2025-09-15T18:17:11.288408+00:00,1n7p0eo,https://www.reddit.com/r/ChatGPTPromptGenius/comments/1n7p0eo/automated_tweet_writing_using_structured_chatgpt/,Automated tweet writing using structured ChatGPT prompts (with Zapier + Slack),ChatGPTPromptGenius,Awkward-Plane-2020,2025-09-03T19:50:55+00:00,1,1.0,4,False,False,True
2025-09-15T21:06:19.140551+00:00,1netgdd,https://www.reddit.com/r/learnmachinelearning/comments/1netgdd/is_environment_setup_still_one_of_the_biggest/,Is environment setup still one of the biggest pains in reproducing ML research?,learnmachinelearning,Awkward-Plane-2020,2025-09-12T04:04:45+00:00,35,0.93,25,False,False,True
2025-09-15T21:06:19.140551+00:00,1n7wvmy,https://www.reddit.com/r/learnmachinelearning/comments/1n7wvmy/1_of_100_github_csaiml_projects_my_reproducible/,#1 of 100 GitHub CS/AI/ML Projects — My Reproducible Learning Log,learnmachinelearning,Awkward-Plane-2020,2025-09-04T01:19:34+00:00,2,1.0,0,False,False,True
2025-09-15T21:06:19.140551+00:00,1n7p0eo,https://www.reddit.com/r/ChatGPTPromptGenius/comments/1n7p0eo/automated_tweet_writing_using_structured_chatgpt/,Automated tweet writing using structured ChatGPT prompts (with Zapier + Slack),ChatGPTPromptGenius,Awkward-Plane-2020,2025-09-03T19:50:55+00:00,1,1.0,4,False,False,True
2025-09-15T21:15:53.997280+00:00,1netgdd,https://www.reddit.com/r/learnmachinelearning/comments/1netgdd/is_environment_setup_still_one_of_the_biggest/,Is environment setup still one of the biggest pains in reproducing ML research?,learnmachinelearning,Awkward-Plane-2020,2025-09-12T04:04:45+00:00,34,0.91,25,False,False,True
2025-09-15T21:15:53.997280+00:00,1n7wvmy,https://www.reddit.com/r/learnmachinelearning/comments/1n7wvmy/1_of_100_github_csaiml_projects_my_reproducible/,#1 of 100 GitHub CS/AI/ML Projects — My Reproducible Learning Log,learnmachinelearning,Awkward-Plane-2020,2025-09-04T01:19:34+00:00,2,1.0,0,False,False,True
2025-09-15T21:15:53.997280+00:00,1n7p0eo,https://www.reddit.com/r/ChatGPTPromptGenius/comments/1n7p0eo/automated_tweet_writing_using_structured_chatgpt/,Automated tweet writing using structured ChatGPT prompts (with Zapier + Slack),ChatGPTPromptGenius,Awkward-Plane-2020,2025-09-03T19:50:55+00:00,1,1.0,4,False,False,True
2025-09-16T07:19:01.899068+00:00,1netgdd,https://www.reddit.com/r/learnmachinelearning/comments/1netgdd/is_environment_setup_still_one_of_the_biggest/,Is environment setup still one of the biggest pains in reproducing ML research?,learnmachinelearning,Awkward-Plane-2020,2025-09-12T04:04:45+00:00,35,0.93,26,False,False,True
2025-09-16T07:19:01.899068+00:00,1n7wvmy,https://www.reddit.com/r/learnmachinelearning/comments/1n7wvmy/1_of_100_github_csaiml_projects_my_reproducible/,#1 of 100 GitHub CS/AI/ML Projects — My Reproducible Learning Log,learnmachinelearning,Awkward-Plane-2020,2025-09-04T01:19:34+00:00,2,1.0,0,False,False,True
2025-09-16T07:19:01.899068+00:00,1n7p0eo,https://www.reddit.com/r/ChatGPTPromptGenius/comments/1n7p0eo/automated_tweet_writing_using_structured_chatgpt/,Automated tweet writing using structured ChatGPT prompts (with Zapier + Slack),ChatGPTPromptGenius,Awkward-Plane-2020,2025-09-03T19:50:55+00:00,1,1.0,4,False,False,True
2025-09-17T07:18:04.280041+00:00,1niu114,https://www.reddit.com/r/learnmachinelearning/comments/1niu114/in_2025_why_dont_we_already_have_a_fully/,"In 2025, why don’t we already have a fully automated AI research workflow tool?",learnmachinelearning,Awkward-Plane-2020,2025-09-16T21:15:04+00:00,1,1.0,0,False,False,True
2025-09-17T07:18:04.280041+00:00,1netgdd,https://www.reddit.com/r/learnmachinelearning/comments/1netgdd/is_environment_setup_still_one_of_the_biggest/,Is environment setup still one of the biggest pains in reproducing ML research?,learnmachinelearning,Awkward-Plane-2020,2025-09-12T04:04:45+00:00,37,0.92,27,False,False,True
2025-09-17T07:18:04.280041+00:00,1n7wvmy,https://www.reddit.com/r/learnmachinelearning/comments/1n7wvmy/1_of_100_github_csaiml_projects_my_reproducible/,#1 of 100 GitHub CS/AI/ML Projects — My Reproducible Learning Log,learnmachinelearning,Awkward-Plane-2020,2025-09-04T01:19:34+00:00,2,1.0,0,False,False,True
2025-09-17T07:18:04.280041+00:00,1n7p0eo,https://www.reddit.com/r/ChatGPTPromptGenius/comments/1n7p0eo/automated_tweet_writing_using_structured_chatgpt/,Automated tweet writing using structured ChatGPT prompts (with Zapier + Slack),ChatGPTPromptGenius,Awkward-Plane-2020,2025-09-03T19:50:55+00:00,1,1.0,4,False,False,True
2025-09-18T07:17:57.604143+00:00,1niu114,https://www.reddit.com/r/learnmachinelearning/comments/1niu114/in_2025_why_dont_we_already_have_a_fully/,"In 2025, why don’t we already have a fully automated AI research workflow tool?",learnmachinelearning,Awkward-Plane-2020,2025-09-16T21:15:04+00:00,1,1.0,0,False,False,True
2025-09-18T07:17:57.604143+00:00,1netgdd,https://www.reddit.com/r/learnmachinelearning/comments/1netgdd/is_environment_setup_still_one_of_the_biggest/,Is environment setup still one of the biggest pains in reproducing ML research?,learnmachinelearning,Awkward-Plane-2020,2025-09-12T04:04:45+00:00,36,0.93,27,False,False,True
2025-09-18T07:17:57.604143+00:00,1n7wvmy,https://www.reddit.com/r/learnmachinelearning/comments/1n7wvmy/1_of_100_github_csaiml_projects_my_reproducible/,#1 of 100 GitHub CS/AI/ML Projects — My Reproducible Learning Log,learnmachinelearning,Awkward-Plane-2020,2025-09-04T01:19:34+00:00,2,1.0,0,False,False,True
2025-09-18T07:17:57.604143+00:00,1n7p0eo,https://www.reddit.com/r/ChatGPTPromptGenius/comments/1n7p0eo/automated_tweet_writing_using_structured_chatgpt/,Automated tweet writing using structured ChatGPT prompts (with Zapier + Slack),ChatGPTPromptGenius,Awkward-Plane-2020,2025-09-03T19:50:55+00:00,1,1.0,4,False,False,True
